Training,Seed,Final Train Loss,Final Val Loss,Accuracy,Total Time,Time per Epoch
1766858752385675000,10,0.04855208441784436,0.04772198599364076,0.97,31.1249,0.3112
1766858791078536700,11,0.12436937930231745,0.09254020771809987,1.0,38.6828,0.3868
1766858829415352600,12,0.04933201288804412,0.12394343995090042,0.96,38.3299,0.3833
