Training,Preprocess,Final Train Loss,Final Val Loss,R2,Total Time,Time per Epoch
1766858473996775700,none,0.00013332766899442174,0.0002905081055359915,0.9872034180134823,11.4599,0.1146
1766858487284476100,minmax,0.00027963502956977624,0.0005977914552204311,0.9640210584101727,13.2824,0.1328
1766858500790693500,standard,0.000177231880860001,0.00036043155289787265,0.9677416505359078,13.5019,0.1350
