Training,Seed,Final Train Loss,Final Val Loss,Accuracy,Total Time,Time per Epoch
1766858912295701500,10,0.4787327322092923,0.5034456082752773,0.75,10.1895,0.1019
1766858922163127600,11,0.28720850362019107,0.3109105144228254,1.0,9.8635,0.0986
1766858931973583900,12,0.09914783422242511,0.09577729446547371,1.0,9.8070,0.0981
