Training,Seed,Final Train Loss,Final Val Loss,R2,Total Time,Time per Epoch
1766926227407201100,42,1.9894053201080002e-05,1.126289066633035e-05,0.9976306741575773,8.7190,0.0872
1766926236673616600,43,3.563869673102586e-05,3.809776160323963e-05,0.9970923974664883,9.2318,0.0923
1766926245566323000,44,6.51565991244173e-05,7.490130428777775e-05,0.992555881371812,8.8848,0.0888
