Training,Seed,Final Train Loss,Final Val Loss,R2,Total Time,Time per Epoch
1766858667221562400,42,1.9894053201080002e-05,1.126289066633035e-05,0.9976306741575773,8.3171,0.0832
1766858676321593400,43,3.563869673102586e-05,3.809776160323963e-05,0.9970923974664883,9.0948,0.0909
1766858685404510100,44,6.51565991244173e-05,7.490130428777775e-05,0.992555881371812,9.0775,0.0908
